{
    "usingComponents": {
        "mp-cells": "/miniprogram_npm/weui-miniprogram/cells/cells",
        "mp-cell": "/miniprogram_npm/weui-miniprogram/cell/cell",
        "mp-slideview": "/miniprogram_npm/weui-miniprogram/slideview/slideview",
        "mp-tabbar": "/miniprogram_npm/weui-miniprogram/tabbar/tabbar",
        "order-manager": "../order/order",
        "user-info": "../../components/myself/user-info/user-info",
        "user-config": "../config/config",
        "mp-vtabs": "../../components/weui-ex/vtabs/index",
        "mp-vtabs-content": "../../components/weui-ex/vtabs-content/index"
    }
}