{
    "component": true,
    "usingComponents": {
        "van-dropdown-menu": "../../components/vant/dropdown-menu/index",
        "van-dropdown-item": "../../components/vant/dropdown-item/index",
        "van-cell": "../../components/vant/cell/index",
        "van-switch": "../../components/vant/switch/index",
        "van-button": "../../components/vant/button/index",
        "van-panel": "../../components/vant/panel/index",
        "mp-cell": "/miniprogram_npm/weui-miniprogram/cell/cell"
    }
}