{
    "usingComponents": {
        "mp-tabbar": "/miniprogram_npm/weui-miniprogram/tabbar/tabbar",
        "mp-grids": "/miniprogram_npm/weui-miniprogram/grids/grids",
        "van-grid": "../../components/vant/grid/index",
        "van-grid-item": "../../components/vant/grid-item/index",
        "van-tab": "../../components/vant/tab/index",
        "van-tabs": "../../components/vant/tabs/index",
        "my-cart": "../cart/cart",
        "my-order": "../order/order",
        "my-user": "../user/user",
        "mp-vtabs": "../../components/weui-ex/vtabs/index",
        "mp-vtabs-content": "../../components/weui-ex/vtabs-content/index"
    },
    "navigationBarTitleText": "因特非思科技有限公司"
}