{
    "component": true,
    "usingComponents": {
        "van-stepper": "../../components/vant/stepper/index",
        "mp-cells": "/miniprogram_npm/weui-miniprogram/cells/cells",
        "mp-cell": "/miniprogram_npm/weui-miniprogram/cell/cell",
        "mp-slideview": "/miniprogram_npm/weui-miniprogram/slideview/slideview",
        "mp-checkbox": "/miniprogram_npm/weui-miniprogram/checkbox/checkbox",
        "van-submit-bar": "../../components/vant/submit-bar/index",
        "mp-badge": "/miniprogram_npm/weui-miniprogram/badge/badge"
    }
}