{
    "component": false,
    "usingComponents": {
        "mp-form-page": "/miniprogram_npm/weui-miniprogram/form-page/form-page",
        "mp-toptips": "/miniprogram_npm/weui-miniprogram/toptips/toptips",
        "mp-cells": "/miniprogram_npm/weui-miniprogram/cells/cells",
        "mp-cell": "/miniprogram_npm/weui-miniprogram/cell/cell",
        "mp-checkbox": "/miniprogram_npm/weui-miniprogram/checkbox/checkbox",
        "mp-checkbox-group": "/miniprogram_npm/weui-miniprogram/checkbox-group/checkbox-group",
        "mp-form": "/miniprogram_npm/weui-miniprogram/form/form",
        "mp-icon": "/miniprogram_npm/weui-miniprogram/icon/icon",
        "mp-gallery": "/miniprogram_npm/weui-miniprogram/gallery/gallery"
    }
}